,Year,Venue,Name,Driver Tag,Team,Lap Time
0,1950,Great Britain,Nino Farina,FAR,Alfa Romeo,1:50.600
1,1950,Monaco,Juan Manuel Fangio,FAN,Alfa Romeo,1:51.000
2,1950,Indianapolis 500,Johnnie Parsons,PAR,Kurtis Kraft Offenhauser,
3,1950,Switzerland,Nino Farina,FAR,Alfa Romeo,2:41.600
4,1950,Belgium,Nino Farina,FAR,Alfa Romeo,4:34.100
5,1950,France,Juan Manuel Fangio,FAN,Alfa Romeo,2:35.600
6,1950,Italy,Juan Manuel Fangio,FAN,Alfa Romeo,2:00.000
7,1951,Switzerland,Juan Manuel Fangio,FAN,Alfa Romeo,2:51.100
8,1951,Indianapolis 500,Lee Wallard,WAL,Kurtis Kraft Offenhauser,1:07.260
9,1951,Belgium,Juan Manuel Fangio,FAN,Alfa Romeo,4:22.100
10,1951,France,Juan Manuel Fangio,FAN,Alfa Romeo,2:27.800
11,1951,Great Britain,Nino Farina,FAR,Alfa Romeo,1:44.000
12,1951,Germany,Juan Manuel Fangio,FAN,Alfa Romeo,9:55.800
13,1951,Italy,Nino Farina,FAR,Alfa Romeo,1:56.500
14,1951,Spain,Juan Manuel Fangio,FAN,Alfa Romeo,2:16.930
15,1952,Switzerland,Piero Taruffi,TAR,Ferrari,2:49.100
16,1952,Indianapolis 500,Bill Vukovich,VUK,Kurtis Kraft Offenhauser,1:06.600
17,1952,Belgium,Alberto Ascari,ASC,Ferrari,4:55.000
18,1952,France,Alberto Ascari,ASC,Ferrari,2:17.300
19,1952,Great Britain,Alberto Ascari,ASC,Ferrari,1:52.000
20,1952,Germany,Alberto Ascari,ASC,Ferrari,10:05.100
21,1952,Netherlands,Alberto Ascari,ASC,Ferrari,1:49.800
22,1952,Italy,Alberto Ascari,ASC,Ferrari,2:06.100
23,1953,Argentina,Alberto Ascari,ASC,Ferrari,1:48.400
24,1953,Indianapolis 500,Bill Vukovich,VUK,Kurtis Kraft Offenhauser,1:06.240
25,1953,Netherlands,Luigi Villoresi,VIL,Ferrari,1:52.800
26,1953,Belgium,Jose Froilan Gonzalez,GON,Maserati,4:34.000
27,1953,France,Juan Manuel Fangio,FAN,Maserati,2:41.100
28,1953,Great Britain,Alberto Ascari,ASC,Ferrari,1:50.000
29,1953,Germany,Alberto Ascari,ASC,Ferrari,9:56.000
30,1953,Switzerland,Alberto Ascari,ASC,Ferrari,2:41.300
31,1953,Italy,Juan Manuel Fangio,FAN,Maserati,2:04.500
32,1954,Argentina,Jose Froilan Gonzalez,GON,Ferrari,1:48.200
33,1954,Indianapolis 500,Jack McGrath,MCG,Kurtis Kraft Offenhauser,1:04.040
34,1954,Belgium,Juan Manuel Fangio,FAN,Maserati,4:25.500
35,1954,France,Hans Herrmann,HER,Mercedes-Benz,2:32.900
36,1954,Great Britain,Alberto Ascari,ASC,Maserati,1:50.000
37,1954,Germany,Karl Kling,KLI,Mercedes-Benz,9:55.100
38,1954,Switzerland,Juan Manuel Fangio,FAN,Mercedes-Benz,2:39.700
39,1954,Italy,Jose Froilan Gonzalez,GON,Ferrari,2:00.800
40,1954,Spain,Alberto Ascari,ASC,Lancia,2:20.400
41,1955,Argentina,Juan Manuel Fangio,FAN,Mercedes-Benz,1:48.300
42,1955,Monaco,Juan Manuel Fangio,FAN,Mercedes-Benz,1:42.400
43,1955,Indianapolis 500,Bill Vukovich,VUK,Kurtis Kraft Offenhauser,1:03.670
44,1955,Belgium,Juan Manuel Fangio,FAN,Mercedes-Benz,4:20.600
45,1955,Netherlands,Roberto Mieres,MIE,Maserati,1:40.900
46,1955,Great Britain,Stirling Moss,MOS,Mercedes-Benz,2:00.400
47,1955,Italy,Stirling Moss,MOS,Mercedes-Benz,2:46.900
48,1956,Argentina,Juan Manuel Fangio,FAN,Ferrari,1:45.300
49,1956,Monaco,Juan Manuel Fangio,FAN,Ferrari,1:44.400
50,1956,Indianapolis 500,Paul Russo,RUS,Kurtis Kraft Novi,1:02.320
51,1956,Belgium,Stirling Moss,MOS,Maserati,4:14.700
52,1956,France,Juan Manuel Fangio,FAN,Ferrari,2:25.800
53,1956,Great Britain,Stirling Moss,MOS,Maserati,1:43.200
54,1956,Germany,Juan Manuel Fangio,FAN,Ferrari,9:41.600
55,1956,Italy,Stirling Moss,MOS,Maserati,2:45.500
56,1957,Argentina,Stirling Moss,MOS,Maserati,1:44.700
57,1957,Monaco,Juan Manuel Fangio,FAN,Maserati,1:45.600
58,1957,Indianapolis 500,Jim Rathmann,RAT,Epperly Offenhauser,1:02.750
59,1957,France,Luigi Musso,MUS,Ferrari,2:22.400
60,1957,Great Britain,Stirling Moss,MOS,Vanwall,1:59.200
61,1957,Germany,Juan Manuel Fangio,FAN,Maserati,9:17.400
62,1957,Pescara,Stirling Moss,MOS,Vanwall,9:44.600
63,1957,Italy,Tony Brooks,BRO,Vanwall,1:43.700
64,1958,Argentina,Juan Manuel Fangio,FAN,Maserati,1:41.800
65,1958,Monaco,Mike Hawthorn,HAW,Ferrari,1:40.600
66,1958,Netherlands,Stirling Moss,MOS,Vanwall,1:37.600
67,1958,Indianapolis 500,Tony Bettenhausen,BET,Epperly Offenhauser,1:02.370
68,1958,Belgium,Mike Hawthorn,HAW,Ferrari,3:58.300
69,1958,France,Mike Hawthorn,HAW,Ferrari,2:24.900
70,1958,Great Britain,Mike Hawthorn,HAW,Ferrari,1:40.800
71,1958,Germany,Stirling Moss,MOS,Vanwall,9:09.200
72,1958,Portugal,Mike Hawthorn,HAW,Ferrari,2:32.270
73,1958,Italy,Phil Hill,HIL,Ferrari,1:42.900
74,1958,Morocco,Stirling Moss,MOS,Vanwall,2:22.500
75,1959,Monaco,Jack Brabham,BRA,Cooper Climax,1:40.400
76,1959,Indianapolis 500,Johnny Thomson,THO,Lesovsky Offenhauser,1:01.890
77,1959,Netherlands,Stirling Moss,MOS,Cooper Climax,1:36.700
78,1959,France,Stirling Moss,MOS,BRM,2:22.800
79,1959,Great Britain,Stirling Moss,MOS,BRM,1:57.000
80,1959,Germany,Tony Brooks,BRO,Ferrari,2:04.500
81,1959,Portugal,Stirling Moss,MOS,Cooper Climax,2:05.070
82,1959,Italy,Phil Hill,HIL,Ferrari,1:40.400
83,1959,United States,Maurice Trintignant,TRI,Cooper Climax,3:05.000
84,1960,Argentina,Stirling Moss,MOS,Cooper Climax,1:38.900
85,1960,Monaco,Bruce McLaren,MCL,Lotus Climax,1:36.200
86,1960,Indianapolis 500,Jim Rathmann,RAT,Watson Offenhauser,1:01.590
87,1960,Netherlands,Stirling Moss,MOS,Lotus Climax,1:33.800
88,1960,Belgium,Phil Hill,HIL,Ferrari,3:51.900
89,1960,France,Jack Brabham,BRA,Cooper Climax,2:17.500
90,1960,Great Britain,Graham Hill,HIL,BRM,1:34.400
91,1960,Portugal,John Surtees,SUR,Lotus Climax,2:27.530
92,1960,Italy,Phil Hill,HIL,Ferrari,2:43.600
93,1960,United States,Jack Brabham,BRA,Cooper Climax,1:56.300
94,1961,Monaco,Richie Ginther,GIN,Ferrari,1:36.300
95,1961,Netherlands,Jim Clark,CLA,Lotus Climax,1:35.500
96,1961,Belgium,Richie Ginther,GIN,Ferrari,3:59.800
97,1961,France,Phil Hill,HIL,Ferrari,2:27.100
98,1961,Great Britain,Tony Brooks,BRO,BRM Climax,1:57.800
99,1961,Germany,Phil Hill,HIL,Ferrari,8:57.800
100,1961,Italy,Giancarlo Baghetti,BAG,Ferrari,2:48.400
101,1961,United States,Jack Brabham,BRA,Cooper Climax,1:18.200
102,1962,Netherlands,Bruce McLaren,MCL,Cooper Climax,1:34.400
103,1962,Monaco,Jim Clark,CLA,Lotus Climax,1:35.500
104,1962,Belgium,Jim Clark,CLA,Lotus Climax,3:55.600
105,1962,France,Graham Hill,HIL,BRM,2:16.900
106,1962,Great Britain,Jim Clark,CLA,Lotus Climax,1:55.000
107,1962,Germany,Graham Hill,HIL,BRM,10:12.200
108,1962,Italy,Graham Hill,HIL,BRM,1:42.300
109,1962,United States,Jim Clark,CLA,Lotus Climax,1:15.000
110,1962,South Africa,Jim Clark,CLA,Lotus Climax,1:31.000
111,1963,Monaco,John Surtees,SUR,Ferrari,1:34.500
112,1963,Belgium,Jim Clark,CLA,Lotus Climax,3:58.100
113,1963,Netherlands,Jim Clark,CLA,Lotus Climax,1:33.700
114,1963,France,Jim Clark,CLA,Lotus Climax,2:21.600
115,1963,Great Britain,John Surtees,SUR,Ferrari,1:36.000
116,1963,Germany,John Surtees,SUR,Ferrari,8:47.000
117,1963,Italy,Jim Clark,CLA,Lotus Climax,1:38.900
118,1963,United States,Jim Clark,CLA,Lotus Climax,1:14.500
119,1963,Mexico,Jim Clark,CLA,Lotus Climax,1:58.100
120,1963,South Africa,Dan Gurney,GUR,Brabham Climax,1:29.100
121,1964,Monaco,Graham Hill,HIL,BRM,1:33.900
122,1964,Netherlands,Jim Clark,CLA,Lotus Climax,1:32.800
123,1964,Belgium,Dan Gurney,GUR,Brabham Ford,3:49.200
124,1964,France,Jack Brabham,BRA,Brabham Ford,2:11.400
125,1964,Great Britain,Jim Clark,CLA,Lotus Climax,1:38.800
126,1964,Germany,John Surtees,SUR,Ferrari,8:39.000
127,1964,Austria,Dan Gurney,GUR,Brabham Ford,1:10.560
128,1964,Italy,John Surtees,SUR,Ferrari,1:38.800
129,1964,United States,Jim Clark,CLA,Lotus Climax,1:12.700
130,1964,Mexico,Jim Clark,CLA,Lotus Climax,1:58.370
131,1965,South Africa,Jim Clark,CLA,Lotus Climax,1:27.600
132,1965,Monaco,Graham Hill,HIL,BRM,1:31.700
133,1965,Belgium,Jim Clark,CLA,Lotus Climax,4:12.900
134,1965,France,Jim Clark,CLA,Lotus Climax,3:18.900
135,1965,Great Britain,Graham Hill,HIL,BRM,1:32.200
136,1965,Netherlands,Jim Clark,CLA,Lotus Climax,1:30.600
137,1965,Germany,Jim Clark,CLA,Lotus Climax,8:24.100
138,1965,Italy,Jim Clark,CLA,Lotus Climax,1:36.400
139,1965,United States,Graham Hill,HIL,BRM,1:11.900
140,1965,Mexico,Dan Gurney,GUR,Brabham Climax,1:55.840
141,1966,Monaco,Lorenzo Bandini,BAN,Ferrari,1:29.800
142,1966,Belgium,John Surtees,SUR,Ferrari,4:18.700
143,1966,France,Lorenzo Bandini,BAN,Ferrari,2:11.300
144,1966,Great Britain,Jack Brabham,BRA,Brabham Climax,1:37.000
145,1966,Netherlands,Denny Hulme,HUL,Brabham Climax,1:30.600
146,1966,Germany,John Surtees,SUR,Cooper Maserati,8:49.000
147,1966,Italy,Ludovico Scarfiotti,SCA,Ferrari,1:32.400
148,1966,United States,John Surtees,SUR,Cooper Maserati,1:09.670
149,1966,Mexico,Richie Ginther,GIN,Honda,1:53.750
150,1967,South Africa,Denny Hulme,HUL,Brabham Repco,1:29.900
151,1967,Monaco,Jim Clark,CLA,Lotus Climax,1:29.500
152,1967,Netherlands,Jim Clark,CLA,Lotus Climax,1:28.080
153,1967,Belgium,Dan Gurney,GUR,Eagle Climax,3:31.900
154,1967,France,Graham Hill,HIL,Lotus Climax,1:36.700
155,1967,Great Britain,Denny Hulme,HUL,Brabham Repco,1:27.000
156,1967,Germany,Dan Gurney,GUR,Eagle Climax,8:15.100
157,1967,Canada,Jim Clark,CLA,Lotus Climax,1:23.100
158,1967,Italy,Jim Clark,CLA,Lotus Climax,1:28.500
159,1967,United States,Graham Hill,HIL,Lotus Climax,1:06.000
160,1967,Mexico,Jim Clark,CLA,Lotus Climax,1:48.130
161,1968,South Africa,Jim Clark,CLA,Lotus Ford,1:23.700
162,1968,Spain,Jean-Pierre Beltoise,BEL,Matra Ford,1:28.300
163,1968,Monaco,Richard Attwood,ATT,BRM,1:28.100
164,1968,Belgium,John Surtees,SUR,Honda,3:30.500
165,1968,Netherlands,Jean-Pierre Beltoise,BEL,Matra Ford,1:45.910
166,1968,France,Pedro Rodriguez,ROD,BRM,2:11.500
167,1968,Great Britain,Jo Siffert,SIF,Lotus Ford,1:29.700
168,1968,Germany,Jackie Stewart,STE,Matra Ford,9:36.000
169,1968,Italy,Jackie Oliver,OLI,Lotus Ford,1:26.500
170,1968,Canada,Jo Siffert,SIF,Lotus Ford,1:35.100
171,1968,United States,Jackie Stewart,STE,Matra Ford,1:05.220
172,1968,Mexico,Jo Siffert,SIF,Lotus Ford,1:44.230
173,1969,South Africa,Jackie Stewart,STE,Matra Ford,1:21.600
174,1969,Spain,Jochen Rindt,RIN,Lotus Ford,1:28.300
175,1969,Monaco,Jackie Stewart,STE,Matra Ford,1:25.100
176,1969,Netherlands,Jackie Stewart,STE,Matra Ford,1:22.940
177,1969,France,Jackie Stewart,STE,Matra Ford,3:02.700
178,1969,Great Britain,Jackie Stewart,STE,Matra Ford,1:21.300
179,1969,Germany,Jacky Ickx,ICK,Brabham Climax,7:43.800
180,1969,Italy,Jean-Pierre Beltoise,BEL,Matra Ford,1:25.200
181,1969,Canada,Jacky Ickx,ICK,Brabham Climax,1:18.100
182,1969,United States,Jochen Rindt,RIN,Lotus Ford,1:04.340
183,1969,Mexico,Jacky Ickx,ICK,Brabham Climax,1:43.050
184,1970,South Africa,John Surtees,SUR,McLaren Ford,1:20.800
185,1970,Spain,Jack Brabham,BRA,Brabham Ford,1:24.300
186,1970,Monaco,Jochen Rindt,RIN,Lotus Ford,1:23.200
187,1970,Belgium,Chris Amon,AMO,March Ford,3:27.400
188,1970,Netherlands,Jacky Ickx,ICK,Ferrari,1:19.230
189,1970,France,Jack Brabham,BRA,Brabham Ford,3:00.750
190,1970,Great Britain,Jack Brabham,BRA,Brabham Ford,1:25.900
191,1970,Germany,Jacky Ickx,ICK,Ferrari,2:00.500
192,1970,Austria,Jacky Ickx,ICK,Ferrari,1:40.400
193,1970,Italy,Clay Regazzoni,REG,Ferrari,1:25.200
194,1970,Canada,Clay Regazzoni,REG,Ferrari,1:32.200
195,1970,United States,Jacky Ickx,ICK,Ferrari,1:02.740
196,1970,Mexico,Jacky Ickx,ICK,Ferrari,1:43.110
197,1971,South Africa,Mario Andretti,AND,Ferrari,1:20.300
198,1971,Spain,Jacky Ickx,ICK,Ferrari,1:25.100
199,1971,Monaco,Jackie Stewart,STE,Tyrrell Ford,1:22.200
200,1971,Netherlands,Jacky Ickx,ICK,Ferrari,1:34.950
201,1971,France,Jackie Stewart,STE,Tyrrell Ford,1:54.090
202,1971,Great Britain,Jackie Stewart,STE,Tyrrell Ford,1:19.900
203,1971,Germany,Francois Cevert,CEV,Tyrrell Ford,7:20.100
204,1971,Austria,Jo Siffert,SIF,BRM,1:38.470
205,1971,Italy,Henri Pescarolo,PES,March Ford,1:23.800
206,1971,Canada,Denny Hulme,HUL,McLaren Ford,1:43.500
207,1971,United States,Jacky Ickx,ICK,Ferrari,1:43.474
208,1972,Argentina,Jackie Stewart,STE,Tyrrell Ford,1:13.660
209,1972,South Africa,Mike Hailwood,HAI,Surtees Ford,1:18.900
210,1972,Spain,Jacky Ickx,ICK,Ferrari,1:21.010
211,1972,Monaco,Jean-Pierre Beltoise,BEL,BRM,1:40.000
212,1972,Belgium,Chris Amon,AMO,Matra,1:12.120
213,1972,France,Chris Amon,AMO,Matra,2:53.900
214,1972,Great Britain,Jackie Stewart,STE,Tyrrell Ford,1:24.000
215,1972,Germany,Jacky Ickx,ICK,Ferrari,7:13.600
216,1972,Austria,Denny Hulme,HUL,McLaren Ford,1:38.320
217,1972,Italy,Jacky Ickx,ICK,Ferrari,1:36.300
218,1972,Canada,Jackie Stewart,STE,Tyrrell Ford,1:15.700
219,1972,United States,Jackie Stewart,STE,Tyrrell Ford,1:41.644
220,1973,Argentina,Emerson Fittipaldi,FIT,Lotus Ford,1:11.220
221,1973,Brazil,Emerson Fittipaldi,FIT,Lotus Ford,2:35.000
222,1973,South Africa,Emerson Fittipaldi,FIT,Lotus Ford,1:17.100
223,1973,Spain,Ronnie Peterson,PET,Lotus Ford,1:23.800
224,1973,Belgium,Francois Cevert,CEV,Tyrrell Ford,1:25.420
225,1973,Monaco,Emerson Fittipaldi,FIT,Lotus Ford,1:28.100
226,1973,Sweden,Denny Hulme,HUL,McLaren Ford,1:26.146
227,1973,France,Denny Hulme,HUL,McLaren Ford,1:50.990
228,1973,Great Britain,James Hunt,HUN,March Ford,1:18.600
229,1973,Netherlands,Ronnie Peterson,PET,Lotus Ford,1:20.310
230,1973,Germany,Carlos Pace,PAC,Surtees Ford,7:11.400
231,1973,Austria,Carlos Pace,PAC,Surtees Ford,1:37.290
232,1973,Italy,Jackie Stewart,STE,Tyrrell Ford,1:35.300
233,1973,Canada,Emerson Fittipaldi,FIT,Lotus Ford,1:15.496
234,1973,United States,James Hunt,HUN,March Ford,1:41.652
235,1974,Argentina,Clay Regazzoni,REG,Ferrari,1:52.100
236,1974,Brazil,Clay Regazzoni,REG,Ferrari,2:36.050
237,1974,South Africa,Carlos Reutemann,REU,Brabham Ford,1:18.160
238,1974,Spain,Niki Lauda,LAU,Ferrari,1:20.830
239,1974,Belgium,Denny Hulme,HUL,McLaren Ford,1:11.310
240,1974,Monaco,Ronnie Peterson,PET,Lotus Ford,1:27.900
241,1974,Sweden,Patrick Depailler,DEP,Tyrrell Ford,1:27.262
242,1974,Netherlands,Ronnie Peterson,PET,Lotus Ford,1:21.440
243,1974,France,Jody Scheckter,SCH,Tyrrell Ford,1:00.000
244,1974,Great Britain,Niki Lauda,LAU,Ferrari,1:21.100
245,1974,Germany,Jody Scheckter,SCH,Tyrrell Ford,7:11.100
246,1974,Austria,Clay Regazzoni,REG,Ferrari,1:37.220
247,1974,Italy,Carlos Pace,PAC,Brabham Ford,1:34.200
248,1974,Canada,Niki Lauda,LAU,Ferrari,1:13.659
249,1974,United States,Carlos Pace,PAC,Brabham Ford,1:40.608
250,1975,Argentina,James Hunt,HUN,Hesketh Ford,1:50.910
251,1975,Brazil,Jean-Pierre Jarier,JAR,Shadow Matra,2:34.160
252,1975,South Africa,Carlos Pace,PAC,Brabham Ford,1:17.200
253,1975,Spain,Mario Andretti,AND,Parnelli Ford,1:25.100
254,1975,Monaco,Patrick Depailler,DEP,Tyrrell Ford,1:28.670
255,1975,Belgium,Clay Regazzoni,REG,Ferrari,1:26.760
256,1975,Sweden,Niki Lauda,LAU,Ferrari,1:28.267
257,1975,Netherlands,Niki Lauda,LAU,Ferrari,1:21.540
258,1975,France,Jochen Mass,MAS,McLaren Ford,1:50.600
259,1975,Great Britain,Clay Regazzoni,REG,Ferrari,1:20.900
260,1975,Germany,Clay Regazzoni,REG,Ferrari,7:06.400
261,1975,Austria,Vittorio Brambilla,BRA,March Ford,1:53.900
262,1975,Italy,Clay Regazzoni,REG,Ferrari,1:33.100
263,1975,United States,Emerson Fittipaldi,FIT,McLaren Ford,1:43.374
264,1976,Brazil,Jean-Pierre Jarier,JAR,Shadow Ford,2:35.070
265,1976,South Africa,Niki Lauda,LAU,Ferrari,1:17.970
266,1976,USA West,Clay Regazzoni,REG,Ferrari,1:23.076
267,1976,Spain,Jochen Mass,MAS,McLaren Ford,1:20.930
268,1976,Belgium,Niki Lauda,LAU,Ferrari,1:25.980
269,1976,Monaco,Clay Regazzoni,REG,Ferrari,1:30.280
270,1976,Sweden,Mario Andretti,AND,Lotus Ford,1:28.002
271,1976,France,Niki Lauda,LAU,Ferrari,1:51.000
272,1976,Great Britain,Niki Lauda,LAU,Ferrari,1:19.910
273,1976,Germany,Jody Scheckter,SCH,Tyrrell Ford,7:10.800
274,1976,Austria,James Hunt,HUN,McLaren Ford,1:35.910
275,1976,Netherlands,Clay Regazzoni,REG,Ferrari,1:22.590
276,1976,Italy,Ronnie Peterson,PET,March Ford,1:41.300
277,1976,Canada,Patrick Depailler,DEP,Tyrrell Ford,1:13.817
278,1976,USA East,James Hunt,HUN,McLaren Ford,1:42.851
279,1976,Japan,Jacques Laffite,LAF,Ligier Matra,1:19.970
280,1977,Argentina,James Hunt,HUN,McLaren Ford,1:51.060
281,1977,Brazil,James Hunt,HUN,McLaren Ford,2:34.550
282,1977,South Africa,John Watson,WAT,Brabham Alfa Romeo,1:17.630
283,1977,USA West,Niki Lauda,LAU,Ferrari,1:22.753
284,1977,Spain,Jacques Laffite,LAF,Ligier Matra,1:20.810
285,1977,Monaco,Jody Scheckter,SCH,Wolf Ford,1:31.070
286,1977,Belgium,Gunnar Nilsson,NIL,Lotus Ford,1:27.540
287,1977,Sweden,Mario Andretti,AND,Lotus Ford,1:27.607
288,1977,France,Mario Andretti,AND,Lotus Ford,1:13.750
289,1977,Great Britain,James Hunt,HUN,McLaren Ford,1:19.600
290,1977,Germany,Niki Lauda,LAU,Ferrari,1:55.990
291,1977,Austria,John Watson,WAT,Brabham Alfa Romeo,1:40.960
292,1977,Netherlands,Niki Lauda,LAU,Ferrari,1:19.990
293,1977,Italy,Mario Andretti,AND,Lotus Ford,1:39.100
294,1977,USA East,Ronnie Peterson,PET,Tyrrell Ford,1:51.854
295,1977,Canada,Mario Andretti,AND,Lotus Ford,1:13.299
296,1977,Japan,Jody Scheckter,SCH,Wolf Ford,1:14.300
297,1978,Argentina,Gilles Villeneuve,VIL,Ferrari,1:49.760
298,1978,Brazil,Carlos Reutemann,REU,Ferrari,1:43.070
299,1978,South Africa,Mario Andretti,AND,Lotus Ford,1:17.090
300,1978,USA West,Alan Jones,JON,Williams Ford,1:22.215
301,1978,Monaco,Niki Lauda,LAU,Brabham Alfa Romeo,1:28.650
302,1978,Belgium,Ronnie Peterson,PET,Lotus Ford,1:23.130
303,1978,Spain,Mario Andretti,AND,Lotus Ford,1:20.060
304,1978,Sweden,Niki Lauda,LAU,Brabham Alfa Romeo,1:24.836
305,1978,France,Carlos Reutemann,REU,Ferrari,1:48.560
306,1978,Great Britain,Niki Lauda,LAU,Brabham Alfa Romeo,1:18.600
307,1978,Germany,Ronnie Peterson,PET,Lotus Ford,1:55.620
308,1978,Austria,Ronnie Peterson,PET,Lotus Ford,1:43.120
309,1978,Netherlands,Niki Lauda,LAU,Brabham Alfa Romeo,1:19.570
310,1978,Italy,Mario Andretti,AND,Lotus Ford,1:38.230
311,1978,USA East,Jean-Pierre Jarier,JAR,Lotus Ford,1:39.557
312,1978,Canada,Alan Jones,JON,Williams Ford,1:38.072
313,1979,Argentina,Jacques Laffite,LAF,Ligier Ford,1:46.910
314,1979,Brazil,Jacques Laffite,LAF,Ligier Ford,2:28.760
315,1979,South Africa,Gilles Villeneuve,VIL,Ferrari,1:14.412
316,1979,USA West,Gilles Villeneuve,VIL,Ferrari,1:21.200
317,1979,Spain,Gilles Villeneuve,VIL,Ferrari,1:16.440
318,1979,Belgium,Gilles Villeneuve,VIL,Ferrari,1:23.090
319,1979,Monaco,Patrick Depailler,DEP,Ligier Ford,1:28.820
320,1979,France,Rene Arnoux,ARN,Renault,1:09.160
321,1979,Great Britain,Clay Regazzoni,REG,Williams Ford,1:14.400
322,1979,Germany,Gilles Villeneuve,VIL,Ferrari,1:51.890
323,1979,Austria,Rene Arnoux,ARN,Renault,1:35.770
324,1979,Netherlands,Gilles Villeneuve,VIL,Ferrari,1:19.438
325,1979,Italy,Clay Regazzoni,REG,Williams Ford,1:35.600
326,1979,Canada,Alan Jones,JON,Williams Ford,1:31.272
327,1979,USA East,Nelson Piquet,PIQ,Brabham Ford,1:40.054
328,1980,Argentina,Alan Jones,JON,Williams Ford,1:50.450
329,1980,Brazil,Rene Arnoux,ARN,Renault,2:27.310
330,1980,South Africa,Rene Arnoux,ARN,Renault,1:13.150
331,1980,USA West,Nelson Piquet,PIQ,Brabham Ford,1:19.830
332,1980,Belgium,Jacques Laffite,LAF,Ligier Ford,1:20.880
333,1980,Monaco,Carlos Reutemann,REU,Williams Ford,1:27.418
334,1980,France,Alan Jones,JON,Williams Ford,1:41.450
335,1980,Great Britain,Didier Pironi,PIR,Ligier Ford,1:12.368
336,1980,Germany,Alan Jones,JON,Williams Ford,1:48.490
337,1980,Austria,Rene Arnoux,ARN,Renault,1:32.530
338,1980,Netherlands,Rene Arnoux,ARN,Renault,1:19.350
339,1980,Italy,Alan Jones,JON,Williams Ford,1:36.089
340,1980,Canada,Didier Pironi,PIR,Ligier Ford,1:28.769
341,1980,USA East,Alan Jones,JON,Williams Ford,1:34.068
342,1981,USA West,Alan Jones,JON,Williams Ford,1:20.901
343,1981,Brazil,Marc Surer,SUR,Ensign Ford,1:54.302
344,1981,Argentina,Nelson Piquet,PIQ,Brabham Ford,1:45.287
345,1981,San Marino,Gilles Villeneuve,VIL,Ferrari,1:48.064
346,1981,Belgium,Carlos Reutemann,REU,Williams Ford,1:23.300
347,1981,Monaco,Alan Jones,JON,Williams Ford,1:27.470
348,1981,Spain,Alan Jones,JON,Williams Ford,1:17.818
349,1981,France,Alain Prost,PRO,Renault,1:09.140
350,1981,Great Britain,Rene Arnoux,ARN,Renault,1:15.067
351,1981,Germany,Alan Jones,JON,Williams Ford,1:52.420
352,1981,Austria,Jacques Laffite,LAF,Ligier Matra,1:37.620
353,1981,Netherlands,Alan Jones,JON,Williams Ford,1:21.830
354,1981,Italy,Carlos Reutemann,REU,Williams Ford,1:37.528
355,1981,Canada,John Watson,WAT,McLaren Ford,1:49.475
356,1981,Las Vegas,Didier Pironi,PIR,Ferrari,1:20.156
357,1982,South Africa,Alain Prost,PRO,Renault,1:08.278
358,1982,Brazil,Alain Prost,PRO,Renault,1:37.016
359,1982,USA West,Niki Lauda,LAU,McLaren Ford,1:30.831
360,1982,San Marino,Didier Pironi,PIR,Ferrari,1:35.036
361,1982,Belgium,John Watson,WAT,McLaren Ford,1:20.214
362,1982,Monaco,Riccardo Patrese,PAT,Brabham Ford,1:26.354
363,1982,Detroit,Alain Prost,PRO,Renault,1:50.438
364,1982,Canada,Didier Pironi,PIR,Ferrari,1:28.323
365,1982,Netherlands,Derek Warwick,WAR,Toleman Hart,1:19.780
366,1982,Great Britain,Brian Henton,HEN,Tyrrell Ford,1:13.028
367,1982,France,Riccardo Patrese,PAT,Brabham Ford,1:40.075
368,1982,Germany,Nelson Piquet,PIQ,Brabham Ford,1:54.035
369,1982,Austria,Nelson Piquet,PIQ,Brabham Ford,1:33.699
370,1982,Switzerland,Alain Prost,PRO,Renault,1:07.477
371,1982,Italy,Rene Arnoux,ARN,Renault,1:33.619
372,1982,Las Vegas,Michele Alboreto,ALB,Tyrrell Ford,1:19.639
373,1983,Brazil,Nelson Piquet,PIQ,Brabham BMW,1:39.829
374,1983,USA West,Niki Lauda,LAU,McLaren TAG,1:28.330
375,1983,France,Alain Prost,PRO,Renault,1:42.695
376,1983,San Marino,Riccardo Patrese,PAT,Brabham BMW,1:34.437
377,1983,Monaco,Nelson Piquet,PIQ,Brabham BMW,1:27.283
378,1983,Belgium,Andrea de Cesaris,DEC,Alfa Romeo,2:07.493
379,1983,Detroit,John Watson,WAT,McLaren TAG,1:47.668
380,1983,Canada,Patrick Tambay,TAM,Ferrari,1:30.851
381,1983,Great Britain,Alain Prost,PRO,Renault,1:14.212
382,1983,Germany,Rene Arnoux,ARN,Ferrari,1:53.938
383,1983,Austria,Alain Prost,PRO,Renault,1:33.961
384,1983,Netherlands,Rene Arnoux,ARN,Ferrari,1:19.863
385,1983,Italy,Nelson Piquet,PIQ,Brabham BMW,1:34.431
386,1983,Europe,Nigel Mansell,MAN,Lotus Ford,1:14.342
387,1983,South Africa,Nelson Piquet,PIQ,Brabham BMW,1:09.948
388,1984,Brazil,Alain Prost,PRO,McLaren TAG,1:36.499
389,1984,South Africa,Patrick Tambay,TAM,Renault,1:08.877
390,1984,Belgium,Rene Arnoux,ARN,Ferrari,1:19.294
391,1984,San Marino,Nelson Piquet,PIQ,Brabham BMW,1:33.275
392,1984,France,Alain Prost,PRO,McLaren TAG,1:05.257
393,1984,Monaco,Ayrton Senna,SEN,Toleman Hart,1:54.334
394,1984,Canada,Nelson Piquet,PIQ,Brabham BMW,1:28.763
395,1984,Detroit,Derek Warwick,WAR,Renault,1:46.221
396,1984,Dallas,Niki Lauda,LAU,McLaren TAG,1:45.353
397,1984,Great Britain,Niki Lauda,LAU,McLaren TAG,1:13.191
398,1984,Germany,Alain Prost,PRO,McLaren TAG,1:53.538
399,1984,Austria,Niki Lauda,LAU,McLaren TAG,1:32.882
400,1984,Netherlands,Rene Arnoux,ARN,Ferrari,1:19.465
401,1984,Italy,Niki Lauda,LAU,McLaren TAG,1:31.912
402,1984,Europe,Nelson Piquet,PIQ,Brabham BMW,1:23.146
403,1984,Portugal,Niki Lauda,LAU,McLaren TAG,1:22.996
404,1985,Brazil,Alain Prost,PRO,McLaren TAG,1:36.702
405,1985,Portugal,Ayrton Senna,SEN,Lotus Renault,1:44.121
406,1985,San Marino,Michele Alboreto,ALB,Ferrari,1:30.961
407,1985,Monaco,Michele Alboreto,ALB,Ferrari,1:22.637
408,1985,Canada,Ayrton Senna,SEN,Lotus Renault,1:27.445
409,1985,Detroit,Ayrton Senna,SEN,Lotus Renault,1:45.612
410,1985,France,Keke Rosberg,ROS,Williams Honda,1:39.914
411,1985,Great Britain,Alain Prost,PRO,McLaren TAG,1:09.886
412,1985,Germany,Niki Lauda,LAU,McLaren TAG,1:22.806
413,1985,Austria,Alain Prost,PRO,McLaren TAG,1:29.241
414,1985,Netherlands,Alain Prost,PRO,McLaren TAG,1:16.538
415,1985,Italy,Nigel Mansell,MAN,Williams Honda,1:28.283
416,1985,Belgium,Alain Prost,PRO,McLaren TAG,2:01.730
417,1985,Europe,Jacques Laffite,LAF,Ligier Renault,1:11.526
418,1985,South Africa,Keke Rosberg,ROS,Williams Honda,1:08.149
419,1985,Australia,Keke Rosberg,ROS,Williams Honda,1:23.758
420,1986,Brazil,Nelson Piquet,PIQ,Williams Honda,1:33.546
421,1986,Spain,Nigel Mansell,MAN,Williams Honda,1:27.176
422,1986,San Marino,Nelson Piquet,PIQ,Williams Honda,1:28.667
423,1986,Monaco,Alain Prost,PRO,McLaren TAG,1:26.607
424,1986,Belgium,Alain Prost,PRO,McLaren TAG,1:59.282
425,1986,Canada,Nelson Piquet,PIQ,Williams Honda,1:25.443
426,1986,Detroit,Nelson Piquet,PIQ,Williams Honda,1:41.233
427,1986,France,Nigel Mansell,MAN,Williams Honda,1:09.993
428,1986,Great Britain,Nigel Mansell,MAN,Williams Honda,1:09.593
429,1986,Germany,Gerhard Berger,BER,Benetton BMW,1:46.604
430,1986,Hungary,Nelson Piquet,PIQ,Williams Honda,1:31.001
431,1986,Austria,Gerhard Berger,BER,Benetton BMW,1:29.444
432,1986,Italy,Teo Fabi,FAB,Benetton BMW,1:28.099
433,1986,Portugal,Nigel Mansell,MAN,Williams Honda,1:20.943
434,1986,Mexico,Nelson Piquet,PIQ,Williams Honda,1:19.360
435,1986,Australia,Nelson Piquet,PIQ,Williams Honda,1:20.787
436,1987,Brazil,Nelson Piquet,PIQ,Williams Honda,1:33.861
437,1987,San Marino,Teo Fabi,FAB,Benetton Ford,1:29.246
438,1987,Belgium,Alain Prost,PRO,McLaren TAG,1:57.153
439,1987,Monaco,Ayrton Senna,SEN,Lotus Honda,1:27.685
440,1987,Detroit,Ayrton Senna,SEN,Lotus Honda,1:40.464
441,1987,France,Nelson Piquet,PIQ,Williams Honda,1:09.548
442,1987,Great Britain,Nigel Mansell,MAN,Williams Honda,1:09.832
443,1987,Germany,Nigel Mansell,MAN,Williams Honda,1:45.716
444,1987,Hungary,Nelson Piquet,PIQ,Williams Honda,1:30.149
445,1987,Austria,Nigel Mansell,MAN,Williams Honda,1:28.318
446,1987,Italy,Ayrton Senna,SEN,Lotus Honda,1:26.796
447,1987,Portugal,Gerhard Berger,BER,Ferrari,1:19.282
448,1987,Spain,Gerhard Berger,BER,Ferrari,1:26.986
449,1987,Mexico,Nelson Piquet,PIQ,Williams Honda,1:19.132
450,1987,Japan,Alain Prost,PRO,McLaren TAG,1:43.844
451,1987,Australia,Gerhard Berger,BER,Ferrari,1:20.416
452,1988,Brazil,Gerhard Berger,BER,Ferrari,1:32.943
453,1988,San Marino,Alain Prost,PRO,McLaren Honda,1:29.685
454,1988,Monaco,Ayrton Senna,SEN,McLaren Honda,1:26.321
455,1988,Mexico,Alain Prost,PRO,McLaren Honda,1:18.608
456,1988,Canada,Ayrton Senna,SEN,McLaren Honda,1:24.973
457,1988,Detroit,Alain Prost,PRO,McLaren Honda,1:44.836
458,1988,France,Alain Prost,PRO,McLaren Honda,1:11.737
459,1988,Great Britain,Nigel Mansell,MAN,Williams Judd,1:23.308
460,1988,Germany,Alessandro Nannini,NAN,Benetton Ford,2:03.032
461,1988,Hungary,Alain Prost,PRO,McLaren Honda,1:30.639
462,1988,Belgium,Gerhard Berger,BER,Ferrari,2:00.772
463,1988,Italy,Michele Alboreto,ALB,Ferrari,1:29.070
464,1988,Portugal,Gerhard Berger,BER,Ferrari,1:21.961
465,1988,Spain,Alain Prost,PRO,McLaren Honda,1:27.845
466,1988,Japan,Ayrton Senna,SEN,McLaren Honda,1:46.326
467,1988,Australia,Alain Prost,PRO,McLaren Honda,1:21.216
468,1989,Brazil,Riccardo Patrese,PAT,Williams Renault,1:32.507
469,1989,San Marino,Alain Prost,PRO,McLaren Honda,1:26.795
470,1989,Monaco,Alain Prost,PRO,McLaren Honda,1:25.501
471,1989,Mexico,Nigel Mansell,MAN,Ferrari,1:20.420
472,1989,United States,Ayrton Senna,SEN,McLaren Honda,1:33.969
473,1989,Canada,Jonathan Palmer,PAL,Tyrrell Ford,1:31.925
474,1989,France,Mauricio Gugelmin,GUG,March Judd,1:12.090
475,1989,Great Britain,Nigel Mansell,MAN,Ferrari,1:12.017
476,1989,Germany,Ayrton Senna,SEN,McLaren Honda,1:45.884
477,1989,Hungary,Nigel Mansell,MAN,Ferrari,1:22.637
478,1989,Belgium,Alain Prost,PRO,McLaren Honda,2:11.571
479,1989,Italy,Alain Prost,PRO,McLaren Honda,1:28.107
480,1989,Portugal,Gerhard Berger,BER,Ferrari,1:18.986
481,1989,Spain,Ayrton Senna,SEN,McLaren Honda,1:25.779
482,1989,Japan,Alain Prost,PRO,McLaren Honda,1:43.506
483,1989,Australia,Satoru Nakajima,NAK,Lotus Judd,1:38.480
484,1990,United States,Gerhard Berger,BER,McLaren Honda,1:31.050
485,1990,Brazil,Gerhard Berger,BER,McLaren Honda,1:19.899
486,1990,San Marino,Alessandro Nannini,NAN,Benetton Ford,1:27.156
487,1990,Monaco,Ayrton Senna,SEN,McLaren Honda,1:24.468
488,1990,Canada,Gerhard Berger,BER,McLaren Honda,1:22.077
489,1990,Mexico,Alain Prost,PRO,Ferrari,1:17.958
490,1990,France,Nigel Mansell,MAN,Ferrari,1:08.012
491,1990,Great Britain,Nigel Mansell,MAN,Ferrari,1:11.291
492,1990,Germany,Thierry Boutsen,BOU,Williams Renault,1:45.602
493,1990,Hungary,Riccardo Patrese,PAT,Williams Renault,1:22.058
494,1990,Belgium,Alain Prost,PRO,Ferrari,1:55.087
495,1990,Italy,Ayrton Senna,SEN,McLaren Honda,1:26.254
496,1990,Portugal,Riccardo Patrese,PAT,Williams Renault,1:18.306
497,1990,Spain,Riccardo Patrese,PAT,Williams Renault,1:24.513
498,1990,Japan,Riccardo Patrese,PAT,Williams Renault,1:44.233
499,1990,Australia,Nigel Mansell,MAN,Ferrari,1:18.203
500,1991,United States,Jean Alesi,ALE,Ferrari,1:26.758
501,1991,Brazil,Nigel Mansell,MAN,Williams Renault,1:20.436
502,1991,San Marino,Gerhard Berger,BER,McLaren Honda,1:26.531
503,1991,Monaco,Alain Prost,PRO,Ferrari,1:24.368
504,1991,Canada,Nigel Mansell,MAN,Williams Renault,1:22.385
505,1991,Mexico,Nigel Mansell,MAN,Williams Renault,1:16.788
506,1991,France,Nigel Mansell,MAN,Williams Renault,1:19.168
507,1991,Great Britain,Nigel Mansell,MAN,Williams Renault,1:26.379
508,1991,Germany,Riccardo Patrese,PAT,Williams Renault,1:43.569
509,1991,Hungary,Bertrand Gachot,GAC,Jordan Ford,1:21.547
510,1991,Belgium,Roberto Moreno,MOR,Benetton Ford,1:55.161
511,1991,Italy,Ayrton Senna,SEN,McLaren Honda,1:26.061
512,1991,Portugal,Nigel Mansell,MAN,Williams Renault,1:18.179
513,1991,Spain,Riccardo Patrese,PAT,Williams Renault,1:22.837
514,1991,Japan,Ayrton Senna,SEN,McLaren Honda,1:41.532
515,1991,Australia,Gerhard Berger,BER,McLaren Honda,1:41.141
516,1992,South Africa,Nigel Mansell,MAN,Williams Renault,1:17.578
517,1992,Mexico,Gerhard Berger,BER,McLaren Honda,1:17.711
518,1992,Brazil,Riccardo Patrese,PAT,Williams Renault,1:19.490
519,1992,Spain,Nigel Mansell,MAN,Williams Renault,1:42.503
520,1992,San Marino,Riccardo Patrese,PAT,Williams Renault,1:26.100
521,1992,Monaco,Nigel Mansell,MAN,Williams Renault,1:21.598
522,1992,Canada,Gerhard Berger,BER,McLaren Honda,1:22.325
523,1992,France,Nigel Mansell,MAN,Williams Renault,1:17.070
524,1992,Great Britain,Nigel Mansell,MAN,Williams Renault,1:22.539
525,1992,Germany,Riccardo Patrese,PAT,Williams Renault,1:41.591
526,1992,Hungary,Nigel Mansell,MAN,Williams Renault,1:18.308
527,1992,Belgium,Michael Schumacher,MSC,Benetton Ford,1:53.791
528,1992,Italy,Nigel Mansell,MAN,Williams Renault,1:26.119
529,1992,Portugal,Ayrton Senna,SEN,McLaren Honda,1:16.272
530,1992,Japan,Nigel Mansell,MAN,Williams Renault,1:40.646
531,1992,Australia,Michael Schumacher,MSC,Benetton Ford,1:16.078
532,1993,South Africa,Alain Prost,PRO,Williams Renault,1:19.492
533,1993,Brazil,Michael Schumacher,MSC,Benetton Ford,1:20.024
534,1993,Europe,Ayrton Senna,SEN,McLaren Ford,1:18.029
535,1993,San Marino,Alain Prost,PRO,Williams Renault,1:26.128
536,1993,Spain,Michael Schumacher,MSC,Benetton Ford,1:20.989
537,1993,Monaco,Alain Prost,PRO,Williams Renault,1:23.604
538,1993,Canada,Michael Schumacher,MSC,Benetton Ford,1:21.500
539,1993,France,Michael Schumacher,MSC,Benetton Ford,1:19.256
540,1993,Great Britain,Damon Hill,HIL,Williams Renault,1:22.515
541,1993,Germany,Michael Schumacher,MSC,Benetton Ford,1:41.859
542,1993,Hungary,Alain Prost,PRO,Williams Renault,1:19.633
543,1993,Belgium,Alain Prost,PRO,Williams Renault,1:51.095
544,1993,Italy,Damon Hill,HIL,Williams Renault,1:23.575
545,1993,Portugal,Damon Hill,HIL,Williams Renault,1:14.859
546,1993,Japan,Alain Prost,PRO,Williams Renault,1:41.176
547,1993,Australia,Damon Hill,HIL,Williams Renault,1:15.381
548,1994,Brazil,Michael Schumacher,MSC,Benetton Ford,1:18.455
549,1994,Pacific,Michael Schumacher,MSC,Benetton Ford,1:14.023
550,1994,San Marino,Damon Hill,HIL,Williams Renault,1:24.335
551,1994,Monaco,Michael Schumacher,MSC,Benetton Ford,1:21.076
552,1994,Spain,Michael Schumacher,MSC,Benetton Ford,1:25.155
553,1994,Canada,Michael Schumacher,MSC,Benetton Ford,1:28.927
554,1994,France,Damon Hill,HIL,Williams Renault,1:19.678
555,1994,Great Britain,Damon Hill,HIL,Williams Renault,1:27.100
556,1994,Germany,David Coulthard,COU,Williams Renault,1:46.211
557,1994,Hungary,Michael Schumacher,MSC,Benetton Ford,1:20.881
558,1994,Belgium,Damon Hill,HIL,Williams Renault,1:57.117
559,1994,Italy,Damon Hill,HIL,Williams Renault,1:25.930
560,1994,Portugal,David Coulthard,COU,Williams Renault,1:22.446
561,1994,Europe,Michael Schumacher,MSC,Benetton Ford,1:25.040
562,1994,Japan,Damon Hill,HIL,Williams Renault,1:56.597
563,1994,Australia,Michael Schumacher,MSC,Benetton Ford,1:17.140
564,1995,Brazil,Michael Schumacher,MSC,Benetton Renault,1:20.921
565,1995,Argentina,Michael Schumacher,MSC,Benetton Renault,1:30.522
566,1995,San Marino,Gerhard Berger,BER,Ferrari,1:29.568
567,1995,Spain,Damon Hill,HIL,Williams Renault,1:24.531
568,1995,Monaco,Jean Alesi,ALE,Ferrari,1:24.621
569,1995,Canada,Michael Schumacher,MSC,Benetton Renault,1:29.174
570,1995,France,Michael Schumacher,MSC,Benetton Renault,1:20.218
571,1995,Great Britain,Damon Hill,HIL,Williams Renault,1:29.752
572,1995,Germany,Michael Schumacher,MSC,Benetton Renault,1:48.824
573,1995,Hungary,Damon Hill,HIL,Williams Renault,1:20.247
574,1995,Belgium,David Coulthard,COU,Williams Renault,1:53.412
575,1995,Italy,Gerhard Berger,BER,Ferrari,1:26.419
576,1995,Portugal,David Coulthard,COU,Williams Renault,1:23.220
577,1995,Europe,Michael Schumacher,MSC,Benetton Renault,1:21.180
578,1995,Pacific,Michael Schumacher,MSC,Benetton Renault,1:16.374
579,1995,Japan,Michael Schumacher,MSC,Benetton Renault,1:42.976
580,1995,Australia,Damon Hill,HIL,Williams Renault,1:17.943
581,1996,Australia,Jacques Villeneuve,VIL,Williams Renault,1:33.421
582,1996,Brazil,Damon Hill,HIL,Williams Renault,1:21.547
583,1996,Argentina,Jean Alesi,ALE,Benetton Renault,1:29.413
584,1996,Europe,Damon Hill,HIL,Williams Renault,1:21.363
585,1996,San Marino,Damon Hill,HIL,Williams Renault,1:28.931
586,1996,Monaco,Jean Alesi,ALE,Benetton Renault,1:25.205
587,1996,Spain,Michael Schumacher,MSC,Ferrari,1:45.517
588,1996,Canada,Jacques Villeneuve,VIL,Williams Renault,1:21.916
589,1996,France,Jacques Villeneuve,VIL,Williams Renault,1:18.610
590,1996,Great Britain,Jacques Villeneuve,VIL,Williams Renault,1:29.288
591,1996,Germany,Damon Hill,HIL,Williams Renault,1:46.504
592,1996,Hungary,Damon Hill,HIL,Williams Renault,1:20.093
593,1996,Belgium,Gerhard Berger,BER,Benetton Renault,1:53.067
594,1996,Italy,Michael Schumacher,MSC,Ferrari,1:26.110
595,1996,Portugal,Jacques Villeneuve,VIL,Williams Renault,1:22.873
596,1996,Japan,Jacques Villeneuve,VIL,Williams Renault,1:44.043
597,1997,Australia,Heinz-Harald Frentzen,FRE,Williams Renault,1:30.585
598,1997,Brazil,Jacques Villeneuve,VIL,Williams Renault,1:18.397
599,1997,Argentina,Gerhard Berger,BER,Benetton Renault,1:27.981
600,1997,San Marino,Heinz-Harald Frentzen,FRE,Williams Renault,1:25.531
601,1997,Monaco,Michael Schumacher,MSC,Ferrari,1:53.315
602,1997,Spain,Giancarlo Fisichella,FIS,Jordan Peugeot,1:22.242
603,1997,Canada,David Coulthard,COU,McLaren Mercedes,1:19.635
604,1997,France,Michael Schumacher,MSC,Ferrari,1:17.910
605,1997,Great Britain,Michael Schumacher,MSC,Ferrari,1:24.475
606,1997,Germany,Gerhard Berger,BER,Benetton Renault,1:45.747
607,1997,Hungary,Heinz-Harald Frentzen,FRE,Williams Renault,1:18.372
608,1997,Belgium,Jacques Villeneuve,VIL,Williams Renault,1:52.692
609,1997,Italy,Mika Hakkinen,HAK,McLaren Mercedes,1:24.808
610,1997,Austria,Jacques Villeneuve,VIL,Williams Renault,1:11.814
611,1997,Luxembourg,Heinz-Harald Frentzen,FRE,Williams Renault,1:18.805
612,1997,Japan,Heinz-Harald Frentzen,FRE,Williams Renault,1:38.942
613,1997,Europe,Heinz-Harald Frentzen,FRE,Williams Renault,1:23.135
614,1998,Australia,Mika Hakkinen,HAK,McLaren Mercedes,1:31.649
615,1998,Brazil,Mika Hakkinen,HAK,McLaren Mercedes,1:19.337
616,1998,Argentina,Alexander Wurz,WUR,Benetton Playlife,1:28.179
617,1998,San Marino,Michael Schumacher,MSC,Ferrari,1:29.345
618,1998,Spain,Mika Hakkinen,HAK,McLaren Mercedes,1:24.275
619,1998,Monaco,Mika Hakkinen,HAK,McLaren Mercedes,1:22.948
620,1998,Canada,Michael Schumacher,MSC,Ferrari,1:19.379
621,1998,France,David Coulthard,COU,McLaren Mercedes,1:17.523
622,1998,Great Britain,Michael Schumacher,MSC,Ferrari,1:35.704
623,1998,Austria,David Coulthard,COU,McLaren Mercedes,1:12.878
624,1998,Germany,David Coulthard,COU,McLaren Mercedes,1:46.116
625,1998,Hungary,Michael Schumacher,MSC,Ferrari,1:19.286
626,1998,Belgium,Michael Schumacher,MSC,Ferrari,2:03.766
627,1998,Italy,Mika Hakkinen,HAK,McLaren Mercedes,1:25.139
628,1998,Luxembourg,Mika Hakkinen,HAK,McLaren Mercedes,1:20.450
629,1998,Japan,Michael Schumacher,MSC,Ferrari,1:40.190
630,1999,Australia,Michael Schumacher,MSC,Ferrari,1:32.112
631,1999,Brazil,Mika Hakkinen,HAK,McLaren Mercedes,1:18.448
632,1999,San Marino,Michael Schumacher,MSC,Ferrari,1:28.547
633,1999,Monaco,Mika Hakkinen,HAK,McLaren Mercedes,1:22.259
634,1999,Spain,Michael Schumacher,MSC,Ferrari,1:24.982
635,1999,Canada,Eddie Irvine,IRV,Ferrari,1:20.382
636,1999,France,David Coulthard,COU,McLaren Mercedes,1:19.227
637,1999,Great Britain,Mika Hakkinen,HAK,McLaren Mercedes,1:28.309
638,1999,Austria,Mika Hakkinen,HAK,McLaren Mercedes,1:12.107
639,1999,Germany,David Coulthard,COU,McLaren Mercedes,1:45.270
640,1999,Hungary,David Coulthard,COU,McLaren Mercedes,1:20.699
641,1999,Belgium,Mika Hakkinen,HAK,McLaren Mercedes,1:53.955
642,1999,Italy,Ralf Schumacher,RSC,Williams Supertec,1:25.579
643,1999,Europe,Mika Hakkinen,HAK,McLaren Mercedes,1:21.282
644,1999,Malaysia,Heinz-Harald Frentzen,FRE,Jordan Mugen Honda,1:40.631
645,1999,Japan,Michael Schumacher,MSC,Ferrari,1:41.319
646,2000,Australia,Rubens Barrichello,BAR,Ferrari,1:31.481
647,2000,Brazil,Michael Schumacher,MSC,Ferrari,1:14.755
648,2000,San Marino,Mika Hakkinen,HAK,McLaren Mercedes,1:26.523
649,2000,Great Britain,Mika Hakkinen,HAK,McLaren Mercedes,1:26.217
650,2000,Spain,Mika Hakkinen,HAK,McLaren Mercedes,1:24.470
651,2000,Europe,Michael Schumacher,MSC,Ferrari,1:22.269
652,2000,Monaco,Mika Hakkinen,HAK,McLaren Mercedes,1:21.571
653,2000,Canada,Mika Hakkinen,HAK,McLaren Mercedes,1:19.049
654,2000,France,David Coulthard,COU,McLaren Mercedes,1:19.479
655,2000,Austria,David Coulthard,COU,McLaren Mercedes,1:11.783
656,2000,Germany,Rubens Barrichello,BAR,Ferrari,1:44.300
657,2000,Hungary,Mika Hakkinen,HAK,McLaren Mercedes,1:20.028
658,2000,Belgium,Rubens Barrichello,BAR,Ferrari,1:53.803
659,2000,Italy,Mika Hakkinen,HAK,McLaren Mercedes,1:25.595
660,2000,United States,David Coulthard,COU,McLaren Mercedes,1:14.711
661,2000,Japan,Mika Hakkinen,HAK,McLaren Mercedes,1:39.189
662,2000,Malaysia,Mika Hakkinen,HAK,McLaren Mercedes,1:38.543
663,2001,Australia,Michael Schumacher,MSC,Ferrari,1:28.214
664,2001,Malaysia,Mika Hakkinen,HAK,McLaren Mercedes,1:40.962
665,2001,Brazil,Ralf Schumacher,RSC,Williams BMW,1:15.693
666,2001,San Marino,Ralf Schumacher,RSC,Williams BMW,1:25.524
667,2001,Spain,Michael Schumacher,MSC,Ferrari,1:21.151
668,2001,Austria,David Coulthard,COU,McLaren Mercedes,1:10.843
669,2001,Monaco,David Coulthard,COU,McLaren Mercedes,1:19.424
670,2001,Canada,Ralf Schumacher,RSC,Williams BMW,1:17.205
671,2001,Europe,Juan Pablo Montoya,MOY,Williams BMW,1:18.354
672,2001,France,David Coulthard,COU,McLaren Mercedes,1:16.088
673,2001,Great Britain,Mika Hakkinen,HAK,McLaren Mercedes,1:23.405
674,2001,Germany,Juan Pablo Montoya,MOY,Williams BMW,1:41.808
675,2001,Hungary,Mika Hakkinen,HAK,McLaren Mercedes,1:16.723
676,2001,Belgium,Michael Schumacher,MSC,Ferrari,1:49.758
677,2001,Italy,Ralf Schumacher,RSC,Williams BMW,1:25.073
678,2001,United States,Juan Pablo Montoya,MOY,Williams BMW,1:14.448
679,2001,Japan,Ralf Schumacher,RSC,Williams BMW,1:36.944
680,2002,Australia,Kimi RÃ¤ikkÃ¶nen,RAI,McLaren Mercedes,1:28.541
681,2002,Malaysia,Juan Pablo Montoya,MOY,Williams BMW,1:38.049
682,2002,Brazil,Juan Pablo Montoya,MOY,Williams BMW,1:16.079
683,2002,San Marino,Rubens Barrichello,BAR,Ferrari,1:24.170
684,2002,Spain,Michael Schumacher,MSC,Ferrari,1:20.355
685,2002,Austria,Michael Schumacher,MSC,Ferrari,1:09.298
686,2002,Monaco,Rubens Barrichello,BAR,Ferrari,1:18.023
687,2002,Canada,Juan Pablo Montoya,MOY,Williams BMW,1:15.960
688,2002,Europe,Michael Schumacher,MSC,Ferrari,1:32.226
689,2002,Great Britain,Rubens Barrichello,BAR,Ferrari,1:23.083
690,2002,France,David Coulthard,COU,McLaren Mercedes,1:15.045
691,2002,Germany,Michael Schumacher,MSC,Ferrari,1:16.462
692,2002,Hungary,Michael Schumacher,MSC,Ferrari,1:16.207
693,2002,Belgium,Michael Schumacher,MSC,Ferrari,1:47.176
694,2002,Italy,Rubens Barrichello,BAR,Ferrari,1:23.657
695,2002,United States,Rubens Barrichello,BAR,Ferrari,1:12.738
696,2002,Japan,Michael Schumacher,MSC,Ferrari,1:36.125
697,2003,Australia,Kimi RÃ¤ikkÃ¶nen,RAI,McLaren Mercedes,1:27.724
698,2003,Malaysia,Michael Schumacher,MSC,Ferrari,1:36.412
699,2003,Brazil,Rubens Barrichello,BAR,Ferrari,1:22.032
700,2003,San Marino,Michael Schumacher,MSC,Ferrari,1:22.491
701,2003,Spain,Rubens Barrichello,BAR,Ferrari,1:20.143
702,2003,Austria,Michael Schumacher,MSC,Ferrari,1:08.337
703,2003,Monaco,Kimi RÃ¤ikkÃ¶nen,RAI,McLaren Mercedes,1:14.545
704,2003,Canada,Fernando Alonso,ALO,Renault,1:16.040
705,2003,Europe,Kimi RÃ¤ikkÃ¶nen,RAI,McLaren Mercedes,1:32.621
706,2003,France,Juan Pablo Montoya,MOY,Williams BMW,1:15.512
707,2003,Great Britain,Rubens Barrichello,BAR,Ferrari,1:22.236
708,2003,Germany,Juan Pablo Montoya,MOY,Williams BMW,1:14.917
709,2003,Hungary,Juan Pablo Montoya,MOY,Williams BMW,1:22.095
710,2003,Italy,Michael Schumacher,MSC,Ferrari,1:21.832
711,2003,United States,Michael Schumacher,MSC,Ferrari,1:11.473
712,2003,Japan,Ralf Schumacher,RSC,Williams BMW,1:33.408
713,2004,Australia,Michael Schumacher,MSC,Ferrari,1:24.125
714,2004,Malaysia,Juan Pablo Montoya,MOY,Williams BMW,1:34.223
715,2004,Bahrain,Michael Schumacher,MSC,Ferrari,1:30.252
716,2004,San Marino,Michael Schumacher,MSC,Ferrari,1:20.411
717,2004,Spain,Michael Schumacher,MSC,Ferrari,1:17.450
718,2004,Monaco,Michael Schumacher,MSC,Ferrari,1:14.439
719,2004,Europe,Michael Schumacher,MSC,Ferrari,1:29.468
720,2004,Canada,Rubens Barrichello,BAR,Ferrari,1:13.622
721,2004,United States,Rubens Barrichello,BAR,Ferrari,1:10.399
722,2004,France,Michael Schumacher,MSC,Ferrari,1:15.377
723,2004,Great Britain,Michael Schumacher,MSC,Ferrari,1:18.739
724,2004,Germany,Kimi RÃ¤ikkÃ¶nen,RAI,McLaren Mercedes,1:13.780
725,2004,Hungary,Michael Schumacher,MSC,Ferrari,1:19.071
726,2004,Belgium,Kimi RÃ¤ikkÃ¶nen,RAI,McLaren Mercedes,1:45.108
727,2004,Italy,Rubens Barrichello,BAR,Ferrari,1:21.046
728,2004,China,Michael Schumacher,MSC,Ferrari,1:32.238
729,2004,Japan,Rubens Barrichello,BAR,Ferrari,1:32.730
730,2004,Brazil,Juan Pablo Montoya,MOY,Williams BMW,1:11.473
731,2005,Australia,Fernando Alonso,ALO,Renault,1:25.683
732,2005,Malaysia,Kimi RÃ¤ikkÃ¶nen,RAI,McLaren Mercedes,1:35.483
733,2005,Bahrain,Pedro de la Rosa,DLR,McLaren Mercedes,1:31.447
734,2005,San Marino,Michael Schumacher,MSC,Ferrari,1:21.858
735,2005,Spain,Giancarlo Fisichella,FIS,Renault,1:15.641
736,2005,Monaco,Michael Schumacher,MSC,Ferrari,1:15.842
737,2005,Europe,Fernando Alonso,ALO,Renault,1:30.711
738,2005,Canada,Kimi RÃ¤ikkÃ¶nen,RAI,McLaren Mercedes,1:14.384
739,2005,United States,Michael Schumacher,MSC,Ferrari,1:11.497
740,2005,France,Kimi RÃ¤ikkÃ¶nen,RAI,McLaren Mercedes,1:16.423
741,2005,Great Britain,Kimi RÃ¤ikkÃ¶nen,RAI,McLaren Mercedes,1:20.502
742,2005,Germany,Kimi RÃ¤ikkÃ¶nen,RAI,McLaren Mercedes,1:14.873
743,2005,Hungary,Kimi RÃ¤ikkÃ¶nen,RAI,McLaren Mercedes,1:21.219
744,2005,Turkey,Juan Pablo Montoya,MOY,McLaren Mercedes,1:24.770
745,2005,Italy,Kimi RÃ¤ikkÃ¶nen,RAI,McLaren Mercedes,1:21.504
746,2005,Belgium,Ralf Schumacher,RSC,Toyota,1:51.453
747,2005,Brazil,Kimi RÃ¤ikkÃ¶nen,RAI,McLaren Mercedes,1:12.268
748,2005,Japan,Kimi RÃ¤ikkÃ¶nen,RAI,McLaren Mercedes,1:31.540
749,2005,China,Kimi RÃ¤ikkÃ¶nen,RAI,McLaren Mercedes,1:33.242
750,2006,Bahrain,Nico Rosberg,ROS,Williams Cosworth,1:32.408
751,2006,Malaysia,Fernando Alonso,ALO,Renault,1:34.803
752,2006,Australia,Kimi RÃ¤ikkÃ¶nen,RAI,McLaren Mercedes,1:26.045
753,2006,San Marino,Fernando Alonso,ALO,Renault,1:24.569
754,2006,Europe,Michael Schumacher,MSC,Ferrari,1:32.099
755,2006,Spain,Felipe Massa,MAS,Ferrari,1:16.648
756,2006,Monaco,Michael Schumacher,MSC,Ferrari,1:15.143
757,2006,Great Britain,Fernando Alonso,ALO,Renault,1:21.599
758,2006,Canada,Kimi RÃ¤ikkÃ¶nen,RAI,McLaren Mercedes,1:15.841
759,2006,United States,Michael Schumacher,MSC,Ferrari,1:12.719
760,2006,France,Michael Schumacher,MSC,Ferrari,1:17.111
761,2006,Germany,Michael Schumacher,MSC,Ferrari,1:16.357
762,2006,Hungary,Felipe Massa,MAS,Ferrari,1:23.516
763,2006,Turkey,Michael Schumacher,MSC,Ferrari,1:28.005
764,2006,Italy,Kimi RÃ¤ikkÃ¶nen,RAI,McLaren Mercedes,1:22.559
765,2006,China,Fernando Alonso,ALO,Renault,1:37.586
766,2006,Japan,Fernando Alonso,ALO,Renault,1:32.676
767,2006,Brazil,Michael Schumacher,MSC,Ferrari,1:12.162
768,2007,Australia,Kimi RÃ¤ikkÃ¶nen,RAI,Ferrari,1:25.235
769,2007,Malaysia,Lewis Hamilton,HAM,McLaren Mercedes,1:36.701
770,2007,Bahrain,Felipe Massa,MAS,Ferrari,1:34.067
771,2007,Spain,Felipe Massa,MAS,Ferrari,1:22.680
772,2007,Monaco,Fernando Alonso,ALO,McLaren Mercedes,1:15.284
773,2007,Canada,Fernando Alonso,ALO,McLaren Mercedes,1:16.367
774,2007,United States,Kimi RÃ¤ikkÃ¶nen,RAI,Ferrari,1:13.117
775,2007,France,Felipe Massa,MAS,Ferrari,1:16.099
776,2007,Great Britain,Kimi RÃ¤ikkÃ¶nen,RAI,Ferrari,1:20.638
777,2007,Europe,Felipe Massa,MAS,Ferrari,1:32.853
778,2007,Hungary,Kimi RÃ¤ikkÃ¶nen,RAI,Ferrari,1:20.047
779,2007,Turkey,Kimi RÃ¤ikkÃ¶nen,RAI,Ferrari,1:27.295
780,2007,Italy,Fernando Alonso,ALO,McLaren Mercedes,1:22.871
781,2007,Belgium,Felipe Massa,MAS,Ferrari,1:48.036
782,2007,Japan,Lewis Hamilton,HAM,McLaren Mercedes,1:28.193
783,2007,China,Felipe Massa,MAS,Ferrari,1:37.454
784,2007,Brazil,Kimi RÃ¤ikkÃ¶nen,RAI,Ferrari,1:12.445
785,2008,Australia,Heikki Kovalainen,KOV,McLaren Mercedes,1:27.418
786,2008,Malaysia,Nick Heidfeld,HEI,Sauber BMW,1:35.366
787,2008,Bahrain,Heikki Kovalainen,KOV,McLaren Mercedes,1:33.193
788,2008,Spain,Kimi RÃ¤ikkÃ¶nen,RAI,Ferrari,1:21.670
789,2008,Turkey,Kimi RÃ¤ikkÃ¶nen,RAI,Ferrari,1:26.506
790,2008,Monaco,Kimi RÃ¤ikkÃ¶nen,RAI,Ferrari,1:16.689
791,2008,Canada,Kimi RÃ¤ikkÃ¶nen,RAI,Ferrari,1:17.387
792,2008,France,Kimi RÃ¤ikkÃ¶nen,RAI,Ferrari,1:16.630
793,2008,Great Britain,Kimi RÃ¤ikkÃ¶nen,RAI,Ferrari,1:32.150
794,2008,Germany,Nick Heidfeld,HEI,Sauber BMW,1:15.987
795,2008,Hungary,Kimi RÃ¤ikkÃ¶nen,RAI,Ferrari,1:21.195
796,2008,Europe,Felipe Massa,MAS,Ferrari,1:38.708
797,2008,Belgium,Kimi RÃ¤ikkÃ¶nen,RAI,Ferrari,1:47.930
798,2008,Italy,Kimi RÃ¤ikkÃ¶nen,RAI,Ferrari,1:28.047
799,2008,Singapore,Kimi RÃ¤ikkÃ¶nen,RAI,Ferrari,1:45.599
800,2008,Japan,Felipe Massa,MAS,Ferrari,1:18.426
801,2008,China,Lewis Hamilton,HAM,McLaren Mercedes,1:36.325
802,2008,Brazil,Felipe Massa,MAS,Ferrari,1:13.736
803,2009,Australia,Nico Rosberg,ROS,Williams Toyota,1:27.706
804,2009,Malaysia,Jenson Button,BUT,Brawn Mercedes,1:36.641
805,2009,China,Rubens Barrichello,BAR,Brawn Mercedes,1:52.592
806,2009,Bahrain,Jarno Trulli,TRU,Toyota,1:34.556
807,2009,Spain,Rubens Barrichello,BAR,Brawn Mercedes,1:22.762
808,2009,Monaco,Felipe Massa,MAS,Ferrari,1:15.154
809,2009,Turkey,Jenson Button,BUT,Brawn Mercedes,1:27.579
810,2009,Great Britain,Sebastian Vettel,VET,RBR Renault,1:20.735
811,2009,Germany,Fernando Alonso,ALO,Renault,1:33.365
812,2009,Hungary,Mark Webber,WEB,RBR Renault,1:21.931
813,2009,Europe,Timo Glock,GLO,Toyota,1:38.683
814,2009,Belgium,Sebastian Vettel,VET,RBR Renault,1:47.263
815,2009,Italy,Adrian Sutil,SUT,Force India Mercedes,1:24.739
816,2009,Singapore,Fernando Alonso,ALO,Renault,1:48.240
817,2009,Japan,Mark Webber,WEB,RBR Renault,1:32.569
818,2009,Brazil,Mark Webber,WEB,RBR Renault,1:13.733
819,2009,Abu Dhabi,Sebastian Vettel,VET,RBR Renault,1:40.279
820,2010,Bahrain,Fernando Alonso,ALO,Ferrari,1:58.287
821,2010,Australia,Mark Webber,WEB,RBR Renault,1:28.358
822,2010,Malaysia,Mark Webber,WEB,RBR Renault,1:37.054
823,2010,China,Lewis Hamilton,HAM,McLaren Mercedes,1:42.061
824,2010,Spain,Lewis Hamilton,HAM,McLaren Mercedes,1:24.357
825,2010,Monaco,Sebastian Vettel,VET,RBR Renault,1:15.192
826,2010,Turkey,Vitaly Petrov,PET,Renault,1:29.165
827,2010,Canada,Robert Kubica,KUB,Renault,1:16.972
828,2010,Europe,Jenson Button,BUT,McLaren Mercedes,1:38.766
829,2010,Great Britain,Fernando Alonso,ALO,Ferrari,1:30.874
830,2010,Germany,Sebastian Vettel,VET,RBR Renault,1:15.824
831,2010,Hungary,Sebastian Vettel,VET,RBR Renault,1:22.362
832,2010,Belgium,Lewis Hamilton,HAM,McLaren Mercedes,1:49.069
833,2010,Italy,Fernando Alonso,ALO,Ferrari,1:24.139
834,2010,Singapore,Fernando Alonso,ALO,Ferrari,1:47.976
835,2010,Japan,Mark Webber,WEB,RBR Renault,1:33.474
836,2010,South Korea,Fernando Alonso,ALO,Ferrari,1:50.257
837,2010,Brazil,Lewis Hamilton,HAM,McLaren Mercedes,1:13.851
838,2010,Abu Dhabi,Lewis Hamilton,HAM,McLaren Mercedes,1:41.274
839,2011,Australia,Felipe Massa,MAS,Ferrari,1:28.947
840,2011,Malaysia,Mark Webber,WEB,Red Bull Racing Renault,1:40.571
841,2011,China,Mark Webber,WEB,Red Bull Racing Renault,1:38.993
842,2011,Turkey,Mark Webber,WEB,Red Bull Racing Renault,1:29.703
843,2011,Spain,Lewis Hamilton,HAM,McLaren Mercedes,1:26.727
844,2011,Monaco,Mark Webber,WEB,Red Bull Racing Renault,1:16.234
845,2011,Canada,Jenson Button,BUT,McLaren Mercedes,1:16.956
846,2011,Europe,Sebastian Vettel,VET,Red Bull Racing Renault,1:41.852
847,2011,Great Britain,Fernando Alonso,ALO,Ferrari,1:34.908
848,2011,Germany,Lewis Hamilton,HAM,McLaren Mercedes,1:34.302
849,2011,Hungary,Felipe Massa,MAS,Ferrari,1:23.415
850,2011,Belgium,Mark Webber,WEB,Red Bull Racing Renault,1:49.883
851,2011,Italy,Lewis Hamilton,HAM,McLaren Mercedes,1:26.187
852,2011,Singapore,Jenson Button,BUT,McLaren Mercedes,1:48.454
853,2011,Japan,Jenson Button,BUT,McLaren Mercedes,1:36.568
854,2011,South Korea,Sebastian Vettel,VET,Red Bull Racing Renault,1:39.605
855,2011,India,Sebastian Vettel,VET,Red Bull Racing Renault,1:27.249
856,2011,Abu Dhabi,Mark Webber,WEB,Red Bull Racing Renault,1:42.612
857,2011,Brazil,Mark Webber,WEB,Red Bull Racing Renault,1:15.324
858,2012,Australia,Jenson Button,BUT,McLaren Mercedes,1:29.187
859,2012,Malaysia,Kimi RÃ¤ikkÃ¶nen,RAI,Lotus Renault,1:40.722
860,2012,China,Kamui Kobayashi,KOB,Sauber Ferrari,1:39.960
861,2012,Bahrain,Sebastian Vettel,VET,Red Bull Racing Renault,1:36.379
862,2012,Spain,Romain Grosjean,GRO,Lotus Renault,1:26.250
863,2012,Monaco,Sergio Perez,PER,Sauber Ferrari,1:17.296
864,2012,Canada,Sebastian Vettel,VET,Red Bull Racing Renault,1:15.752
865,2012,Europe,Nico Rosberg,ROS,Mercedes,1:42.163
866,2012,Great Britain,Kimi RÃ¤ikkÃ¶nen,RAI,Lotus Renault,1:34.661
867,2012,Germany,Michael Schumacher,MSC,Mercedes,1:18.725
868,2012,Hungary,Sebastian Vettel,VET,Red Bull Racing Renault,1:24.136
869,2012,Belgium,Bruno Senna,SEN,Williams Renault,1:52.822
870,2012,Italy,Nico Rosberg,ROS,Mercedes,1:27.239
871,2012,Singapore,Nico Hulkenberg,HUL,Force India Mercedes,1:51.033
872,2012,Japan,Sebastian Vettel,VET,Red Bull Racing Renault,1:35.774
873,2012,South Korea,Mark Webber,WEB,Red Bull Racing Renault,1:42.037
874,2012,India,Jenson Button,BUT,McLaren Mercedes,1:28.203
875,2012,Abu Dhabi,Sebastian Vettel,VET,Red Bull Racing Renault,1:43.964
876,2012,United States,Sebastian Vettel,VET,Red Bull Racing Renault,1:39.347
877,2012,Brazil,Lewis Hamilton,HAM,McLaren Mercedes,1:18.069
878,2013,Australia,Kimi RÃ¤ikkÃ¶nen,RAI,Lotus Renault,1:29.274
879,2013,Malaysia,Sergio Perez,PER,McLaren Mercedes,1:39.199
880,2013,China,Sebastian Vettel,VET,Red Bull Racing Renault,1:36.808
881,2013,Bahrain,Sebastian Vettel,VET,Red Bull Racing Renault,1:36.961
882,2013,Spain,Esteban Gutierrez,GUT,Sauber Ferrari,1:26.217
883,2013,Monaco,Sebastian Vettel,VET,Red Bull Racing Renault,1:16.577
884,2013,Canada,Mark Webber,WEB,Red Bull Racing Renault,1:16.182
885,2013,Great Britain,Mark Webber,WEB,Red Bull Racing Renault,1:33.401
886,2013,Germany,Fernando Alonso,ALO,Ferrari,1:33.468
887,2013,Hungary,Mark Webber,WEB,Red Bull Racing Renault,1:24.069
888,2013,Belgium,Sebastian Vettel,VET,Red Bull Racing Renault,1:50.756
889,2013,Italy,Lewis Hamilton,HAM,Mercedes,1:25.849
890,2013,Singapore,Sebastian Vettel,VET,Red Bull Racing Renault,1:48.574
891,2013,South Korea,Sebastian Vettel,VET,Red Bull Racing Renault,1:41.380
892,2013,Japan,Mark Webber,WEB,Red Bull Racing Renault,1:34.587
893,2013,India,Kimi RÃ¤ikkÃ¶nen,RAI,Lotus Renault,1:27.679
894,2013,Abu Dhabi,Fernando Alonso,ALO,Ferrari,1:43.434
895,2013,United States,Sebastian Vettel,VET,Red Bull Racing Renault,1:39.856
896,2013,Brazil,Mark Webber,WEB,Red Bull Racing Renault,1:15.436
897,2014,Australia,Nico Rosberg,ROS,Mercedes,1:32.478
898,2014,Malaysia,Lewis Hamilton,HAM,Mercedes,1:43.066
899,2014,Bahrain,Nico Rosberg,ROS,Mercedes,1:37.020
900,2014,China,Nico Rosberg,ROS,Mercedes,1:40.402
901,2014,Spain,Sebastian Vettel,VET,Red Bull Racing Renault,1:28.918
902,2014,Monaco,Kimi RÃ¤ikkÃ¶nen,RAI,Ferrari,1:18.479
903,2014,Canada,Felipe Massa,MAS,Williams Mercedes,1:18.504
904,2014,Austria,Sergio Perez,PER,Force India Mercedes,1:12.142
905,2014,Great Britain,Lewis Hamilton,HAM,Mercedes,1:37.176
906,2014,Germany,Lewis Hamilton,HAM,Mercedes,1:19.908
907,2014,Hungary,Nico Rosberg,ROS,Mercedes,1:25.724
908,2014,Belgium,Nico Rosberg,ROS,Mercedes,1:50.511
909,2014,Italy,Lewis Hamilton,HAM,Mercedes,1:28.004
910,2014,Singapore,Lewis Hamilton,HAM,Mercedes,1:50.417
911,2014,Japan,Lewis Hamilton,HAM,Mercedes,1:51.600
912,2014,Russia,Valtteri Bottas,BOT,Williams Mercedes,1:40.896
913,2014,United States,Sebastian Vettel,VET,Red Bull Racing Renault,1:41.379
914,2014,Brazil,Lewis Hamilton,HAM,Mercedes,1:13.555
915,2014,Abu Dhabi,Daniel Ricciardo,RIC,Red Bull Racing Renault,1:44.496
916,2015,Australia,Lewis Hamilton,HAM,Mercedes,1:30.945
917,2015,Malaysia,Nico Rosberg,ROS,Mercedes,1:42.062
918,2015,China,Lewis Hamilton,HAM,Mercedes,1:42.208
919,2015,Bahrain,Kimi RÃ¤ikkÃ¶nen,RAI,Ferrari,1:36.311
920,2015,Spain,Lewis Hamilton,HAM,Mercedes,1:28.270
921,2015,Monaco,Daniel Ricciardo,RIC,Red Bull Racing Renault,1:18.063
922,2015,Canada,Kimi RÃ¤ikkÃ¶nen,RAI,Ferrari,1:16.987
923,2015,Austria,Nico Rosberg,ROS,Mercedes,1:11.235
924,2015,Great Britain,Lewis Hamilton,HAM,Mercedes,1:37.093
925,2015,Hungary,Daniel Ricciardo,RIC,Red Bull Racing Renault,1:24.821
926,2015,Belgium,Nico Rosberg,ROS,Mercedes,1:52.416
927,2015,Italy,Lewis Hamilton,HAM,Mercedes,1:26.672
928,2015,Singapore,Daniel Ricciardo,RIC,Red Bull Racing Renault,1:50.041
929,2015,Japan,Lewis Hamilton,HAM,Mercedes,1:36.145
930,2015,Russia,Sebastian Vettel,VET,Ferrari,1:40.071
931,2015,United States,Nico Rosberg,ROS,Mercedes,1:40.666
932,2015,Mexico,Nico Rosberg,ROS,Mercedes,1:20.521
933,2015,Brazil,Lewis Hamilton,HAM,Mercedes,1:14.832
934,2015,Abu Dhabi,Lewis Hamilton,HAM,Mercedes,1:44.517
935,2016,Australia,Daniel Ricciardo,RIC,Red Bull Racing TAG Heuer,1:28.997
936,2016,Bahrain,Nico Rosberg,ROS,Mercedes,1:34.482
937,2016,China,Nico Hulkenberg,HUL,Force India Mercedes,1:39.824
938,2016,Russia,Nico Rosberg,ROS,Mercedes,1:39.094
939,2016,Spain,Daniil Kvyat,KVY,Toro Rosso Ferrari,1:26.948
940,2016,Monaco,Lewis Hamilton,HAM,Mercedes,1:17.939
941,2016,Canada,Nico Rosberg,ROS,Mercedes,1:15.599
942,2016,Europe,Nico Rosberg,ROS,Mercedes,1:46.485
943,2016,Austria,Lewis Hamilton,HAM,Mercedes,1:08.411
944,2016,Great Britain,Nico Rosberg,ROS,Mercedes,1:35.548
945,2016,Hungary,Kimi RÃ¤ikkÃ¶nen,RAI,Ferrari,1:23.086
946,2016,Germany,Daniel Ricciardo,RIC,Red Bull Racing TAG Heuer,1:18.442
947,2016,Belgium,Lewis Hamilton,HAM,Mercedes,1:51.583
948,2016,Italy,Fernando Alonso,ALO,McLaren Honda,1:25.340
949,2016,Singapore,Daniel Ricciardo,RIC,Red Bull Racing TAG Heuer,1:47.187
950,2016,Malaysia,Nico Rosberg,ROS,Mercedes,1:36.424
951,2016,Japan,Sebastian Vettel,VET,Ferrari,1:35.118
952,2016,United States,Sebastian Vettel,VET,Ferrari,1:39.877
953,2016,Mexico,Daniel Ricciardo,RIC,Red Bull Racing TAG Heuer,1:21.134
954,2016,Brazil,Max Verstappen,VER,Red Bull Racing TAG Heuer,1:25.305
955,2016,Abu Dhabi,Sebastian Vettel,VET,Ferrari,1:43.729
956,2017,Australia,Kimi RÃ¤ikkÃ¶nen,RAI,Ferrari,1:26.538
957,2017,China,Lewis Hamilton,HAM,Mercedes,1:35.378
958,2017,Bahrain,Lewis Hamilton,HAM,Mercedes,1:32.798
959,2017,Russia,Kimi RÃ¤ikkÃ¶nen,RAI,Ferrari,1:36.844
960,2017,Spain,Lewis Hamilton,HAM,Mercedes,1:23.593
961,2017,Monaco,Sergio Perez,PER,Force India Mercedes,1:14.820
962,2017,Canada,Lewis Hamilton,HAM,Mercedes,1:14.551
963,2017,Azerbaijan,Sebastian Vettel,VET,Ferrari,1:43.441
964,2017,Austria,Lewis Hamilton,HAM,Mercedes,1:07.411
965,2017,Great Britain,Lewis Hamilton,HAM,Mercedes,1:30.621
966,2017,Hungary,Fernando Alonso,ALO,McLaren Honda,1:20.182
967,2017,Belgium,Sebastian Vettel,VET,Ferrari,1:46.577
968,2017,Italy,Daniel Ricciardo,RIC,Red Bull Racing TAG Heuer,1:23.361
969,2017,Singapore,Lewis Hamilton,HAM,Mercedes,1:45.008
970,2017,Malaysia,Sebastian Vettel,VET,Ferrari,1:34.080
971,2017,Japan,Valtteri Bottas,BOT,Mercedes,1:33.144
972,2017,United States,Sebastian Vettel,VET,Ferrari,1:37.766
973,2017,Mexico,Sebastian Vettel,VET,Ferrari,1:18.785
974,2017,Brazil,Max Verstappen,VER,Red Bull Racing TAG Heuer,1:11.044
975,2017,Abu Dhabi,Valtteri Bottas,BOT,Mercedes,1:40.650
976,2018,Australia,Daniel Ricciardo,RIC,Red Bull Racing TAG Heuer,1:25.945
977,2018,Bahrain,Valtteri Bottas,BOT,Mercedes,1:33.740
978,2018,China,Daniel Ricciardo,RIC,Red Bull Racing TAG Heuer,1:35.785
979,2018,Azerbaijan,Valtteri Bottas,BOT,Mercedes,1:45.149
980,2018,Spain,Daniel Ricciardo,RIC,Red Bull Racing TAG Heuer,1:18.441
981,2018,Monaco,Max Verstappen,VER,Red Bull Racing TAG Heuer,1:14.260
982,2018,Canada,Max Verstappen,VER,Red Bull Racing TAG Heuer,1:13.864
983,2018,France,Valtteri Bottas,BOT,Mercedes,1:34.225
984,2018,Austria,Kimi RÃ¤ikkÃ¶nen,RAI,Ferrari,1:06.957
985,2018,Great Britain,Sebastian Vettel,VET,Ferrari,1:30.696
986,2018,Germany,Lewis Hamilton,HAM,Mercedes,1:15.545
987,2018,Hungary,Daniel Ricciardo,RIC,Red Bull Racing TAG Heuer,1:20.012
988,2018,Belgium,Valtteri Bottas,BOT,Mercedes,1:46.286
989,2018,Italy,Lewis Hamilton,HAM,Mercedes,1:22.497
990,2018,Singapore,Kevin Magnussen,MAG,Haas Ferrari,1:41.905
991,2018,Russia,Valtteri Bottas,BOT,Mercedes,1:35.861
992,2018,Japan,Sebastian Vettel,VET,Ferrari,1:32.318
993,2018,United States,Lewis Hamilton,HAM,Mercedes,1:37.392
994,2018,Mexico,Valtteri Bottas,BOT,Mercedes,1:18.741
995,2018,Brazil,Valtteri Bottas,BOT,Mercedes,1:10.540
996,2018,Abu Dhabi,Sebastian Vettel,VET,Ferrari,1:40.867
997,2019,Australia,Valtteri Bottas,BOT,Mercedes,1:25.580
998,2019,Bahrain,Charles Leclerc,LEC,Ferrari,1:33.411
999,2019,China,Pierre Gasly,GAS,Red Bull Racing Honda,1:34.742
1000,2019,Azerbaijan,Charles Leclerc,LEC,Ferrari,1:43.009
1001,2019,Spain,Lewis Hamilton,HAM,Mercedes,1:18.492
1002,2019,Monaco,Pierre Gasly,GAS,Red Bull Racing Honda,1:14.279
1003,2019,Canada,Valtteri Bottas,BOT,Mercedes,1:13.078
1004,2019,France,Sebastian Vettel,VET,Ferrari,1:32.740
1005,2019,Austria,Max Verstappen,VER,Red Bull Racing Honda,1:07.475
1006,2019,Great Britain,Lewis Hamilton,HAM,Mercedes,1:27.369
1007,2019,Germany,Max Verstappen,VER,Red Bull Racing Honda,1:16.645
1008,2019,Hungary,Max Verstappen,VER,Red Bull Racing Honda,1:17.103
1009,2019,Belgium,Sebastian Vettel,VET,Ferrari,1:46.409
1010,2019,Italy,Lewis Hamilton,HAM,Mercedes,1:21.779
1011,2019,Singapore,Kevin Magnussen,MAG,Haas Ferrari,1:42.301
1012,2019,Russia,Lewis Hamilton,HAM,Mercedes,1:35.761
1013,2019,Japan,Lewis Hamilton,HAM,Mercedes,1:30.983
1014,2019,Mexico,Charles Leclerc,LEC,Ferrari,1:19.232
1015,2019,United States,Charles Leclerc,LEC,Ferrari,1:36.169
1016,2019,Brazil,Valtteri Bottas,BOT,Mercedes,1:10.698
1017,2019,Abu Dhabi,Lewis Hamilton,HAM,Mercedes,1:39.283
1018,2020,Austria,Lando Norris,NOR,McLaren Renault,1:07.475
1019,2020,Styria,Carlos Sainz,SAI,McLaren Renault,1:05.619
1020,2020,Hungary,Lewis Hamilton,HAM,Mercedes,1:16.627
1021,2020,Great Britain,Max Verstappen,VER,Red Bull Racing Honda,1:27.097
1022,2020,70th Anniversary,Lewis Hamilton,HAM,Mercedes,1:28.451
1023,2020,Spain,Valtteri Bottas,BOT,Mercedes,1:18.183
1024,2020,Belgium,Daniel Ricciardo,RIC,Renault,1:47.483
1025,2020,Italy,Lewis Hamilton,HAM,Mercedes,1:22.746
1026,2020,Tuscany,Lewis Hamilton,HAM,Mercedes,1:18.833
1027,2020,Russia,Valtteri Bottas,BOT,Mercedes,1:37.030
1028,2020,Eifel,Max Verstappen,VER,Red Bull Racing Honda,1:28.139
1029,2020,Portugal,Lewis Hamilton,HAM,Mercedes,1:18.750
1030,2020,Emilia Romagna,Lewis Hamilton,HAM,Mercedes,1:15.484
1031,2020,Turkey,Lando Norris,NOR,McLaren Renault,1:36.806
1032,2020,Bahrain,Max Verstappen,VER,Red Bull Racing Honda,1:32.014
1033,2020,Sakhir,George Russell,RUS,Mercedes,55.404
1034,2020,Abu Dhabi,Daniel Ricciardo,RIC,Renault,1:40.926
